rank,code,name,score,close,pct,industry,pe,pb,mv_yi
1,600816,建元信托,1.407,2.34,0.43,非银金融,,,
2,603092,德力佳,1.218,49.02,1.41,电力设备,,,
3,301606,绿联科技,1.181,50.79,1.48,电子,,,
4,301358,湖南裕能,1.165,50.57,2.16,电力设备,,,
5,300390,天华新能,1.132,49.05,2.19,电力设备,,,
6,002709,天赐材料,1.111,31.08,2.0,电力设备,,,
7,300308,中际旭创,1.079,813.01,-0.24,通信,,,
8,301377,鼎泰高科,1.079,348.72,-0.45,机械设备,,,
9,300475,香农芯创,1.071,160.2,0.31,电子,,,
10,002414,高德红外,1.066,11.27,-0.88,国防军工,,,
11,300857,协创数据,1.061,246.39,0.16,电子,,,
12,301308,江波龙,1.057,311.66,-0.11,电子,,,
13,001309,德明利,1.053,372.2,0.25,电子,,,
14,300953,震裕科技,1.051,93.0,-0.8,电力设备,,,
15,301536,星宸科技,0.981,125.1,0.88,电子,,,
16,300604,长川科技,0.953,247.89,-0.42,电子,,,
17,600595,中孚实业,0.908,5.97,4.01,有色金属,,,
18,600115,中国东航,0.871,3.32,0.3,交通运输,,,
19,600221,海航控股,0.863,1.21,0.0,交通运输,,,
20,000408,藏格矿业,0.859,69.8,-0.14,基础化工,,,
21,000703,恒逸石化,0.84,15.69,-9.1,石油石化,,,
22,002064,华峰化学,0.835,9.4,-1.36,基础化工,,,
23,300458,全志科技,0.833,32.43,0.5,电子,,,
24,603986,兆易创新,0.797,367.57,2.53,电子,,,
25,600685,中船防务,0.795,28.45,0.6,国防军工,,,
26,002558,巨人网络,0.795,22.12,-0.27,传媒,,,
27,605117,德业股份,0.794,77.85,0.1,电力设备,,,
28,000807,云铝股份,0.794,26.47,4.34,有色金属,,,
29,000657,中钨高新,0.791,53.69,0.83,有色金属,,,
30,001389,广合科技,0.773,191.84,8.02,电子,,,
31,600150,中国船舶,0.767,38.95,2.28,国防军工,,,
32,300502,新易盛,0.759,392.91,-1.7,通信,,,
33,000938,紫光股份,0.754,31.53,0.22,计算机,,,
34,000792,盐湖股份,0.751,23.5,1.6,基础化工,,,
35,603233,大参林,0.733,17.83,0.34,医药生物,,,
36,300972,万辰集团,0.728,150.5,-3.28,商贸零售,,,
37,600183,生益科技,0.728,132.98,0.78,电子,,,
38,002493,荣盛石化,0.727,13.25,-3.21,石油石化,,,
39,600489,中金黄金,0.724,21.59,3.05,有色金属,,,
40,600601,方正科技,0.721,13.72,6.6,电子,,,
