date,code,name,score,close
2026-08-07,301606,绿联科技,2.144,52.86
2026-08-07,603092,德力佳,1.903,49.61
2026-08-07,601112,振石股份,1.873,15.53
2026-08-07,603737,三棵树,1.606,23.13
2026-08-07,603786,科博达,1.55,42.47
2026-08-07,001221,悍高集团,1.384,40.5
2026-08-07,002032,苏泊尔,1.326,41.11
2026-08-07,603858,步长制药,1.269,15.95
2026-08-07,301498,乖宝宠物,1.23,42.89
2026-08-07,600816,建元信托,1.057,2.51
2026-08-07,600295,鄂尔多斯,1.048,12.04
2026-08-07,603699,纽威股份,1.02,52.25
2026-08-07,600132,重庆啤酒,0.856,44.06
2026-08-07,002318,久立特材,0.854,19.97
2026-08-07,600803,新奥股份,0.814,17.3
2026-08-07,603568,伟明环保,0.777,15.41
2026-08-07,600970,中材国际,0.752,7.83
2026-08-07,603899,晨光股份,0.741,22.48
2026-08-07,000429,粤高速A,0.727,14.8
2026-08-07,601577,长沙银行,0.709,9.21
2026-08-07,002773,康弘药业,0.699,22.75
2026-08-07,603565,中谷物流,0.685,10.39
2026-08-07,002299,圣农发展,0.683,16.51
2026-08-07,300953,震裕科技,0.663,101.92
2026-08-07,600329,达仁堂,0.641,37.18
2026-08-07,600062,华润双鹤,0.637,16.36
2026-08-07,002244,滨江集团,0.637,8.5
2026-08-07,600486,扬农化工,0.624,55.13
2026-08-07,300432,富临精工,0.561,16.03
2026-08-07,002085,万丰奥威,0.559,10.66
2026-08-07,300144,宋城演艺,0.553,6.14
2026-08-07,600546,山煤国际,0.524,13.02
2026-08-07,300548,长芯博创,0.509,177.04
2026-08-07,002487,大金重工,0.492,42.12
2026-08-07,000559,万向钱潮,0.49,11.77
2026-08-07,603298,杭叉集团,0.481,26.14
2026-08-07,601799,星宇股份,0.478,94.36
2026-08-07,600845,宝信软件,0.461,18.26
2026-08-07,603233,大参林,0.459,17.51
2026-08-07,603486,科沃斯,0.454,57.92
2026-08-10,301606,绿联科技,2.144,52.86
2026-08-10,603092,德力佳,1.903,49.61
2026-08-10,601112,振石股份,1.873,15.53
2026-08-10,603737,三棵树,1.606,23.79
2026-08-10,603786,科博达,1.55,42.85
2026-08-10,001221,悍高集团,1.385,40.5
2026-08-10,002032,苏泊尔,1.326,41.43
2026-08-10,603858,步长制药,1.269,15.87
2026-08-10,301498,乖宝宠物,1.23,42.89
2026-08-10,600816,建元信托,1.057,2.51
2026-08-10,600295,鄂尔多斯,1.047,12.04
2026-08-10,603699,纽威股份,1.019,52.82
2026-08-10,600132,重庆啤酒,0.855,44.06
2026-08-10,002318,久立特材,0.854,19.97
2026-08-10,000429,粤高速A,0.821,14.2
2026-08-10,600803,新奥股份,0.814,17.62
2026-08-10,603568,伟明环保,0.777,15.73
2026-08-10,600970,中材国际,0.752,7.9
2026-08-10,603899,晨光股份,0.74,22.48
2026-08-10,601577,长沙银行,0.709,9.29
2026-08-10,002773,康弘药业,0.699,22.8
2026-08-10,603565,中谷物流,0.684,10.43
2026-08-10,002299,圣农发展,0.683,16.51
2026-08-10,300953,震裕科技,0.664,101.92
2026-08-10,600329,达仁堂,0.641,37.18
2026-08-10,600062,华润双鹤,0.637,16.36
2026-08-10,002244,滨江集团,0.637,8.79
2026-08-10,600486,扬农化工,0.624,55.83
2026-08-10,300432,富临精工,0.561,16.03
2026-08-10,002085,万丰奥威,0.559,10.81
2026-08-10,300144,宋城演艺,0.553,6.19
2026-08-10,600546,山煤国际,0.524,13.22
2026-08-10,300548,长芯博创,0.509,177.04
2026-08-10,002487,大金重工,0.493,42.12
2026-08-10,000559,万向钱潮,0.49,11.74
2026-08-10,603298,杭叉集团,0.479,26.14
2026-08-10,601799,星宇股份,0.478,96.64
2026-08-10,600845,宝信软件,0.461,18.26
2026-08-10,603233,大参林,0.458,17.51
2026-08-10,603486,科沃斯,0.454,58.86
2026-08-11,301606,绿联科技,2.145,53.11
2026-08-11,603092,德力佳,1.903,49.71
2026-08-11,601112,振石股份,1.873,15.41
2026-08-11,603737,三棵树,1.606,23.42
2026-08-11,603786,科博达,1.55,43.61
2026-08-11,001221,悍高集团,1.385,40.39
2026-08-11,002032,苏泊尔,1.326,41.42
2026-08-11,603858,步长制药,1.269,15.8
2026-08-11,301498,乖宝宠物,1.23,42.93
2026-08-11,600816,建元信托,1.057,2.53
2026-08-11,600295,鄂尔多斯,1.047,12.6
2026-08-11,603699,纽威股份,1.019,51.38
2026-08-11,600132,重庆啤酒,0.855,43.57
2026-08-11,002318,久立特材,0.854,19.77
2026-08-11,000429,粤高速A,0.82,13.29
2026-08-11,600803,新奥股份,0.814,17.49
2026-08-11,603568,伟明环保,0.777,15.63
2026-08-11,600970,中材国际,0.751,7.84
2026-08-11,603899,晨光股份,0.74,22.55
2026-08-11,601577,长沙银行,0.709,9.19
2026-08-11,002773,康弘药业,0.699,23.02
2026-08-11,603565,中谷物流,0.683,10.39
2026-08-11,002299,圣农发展,0.683,17.0
2026-08-11,300953,震裕科技,0.663,105.68
2026-08-11,600329,达仁堂,0.641,36.79
2026-08-11,600062,华润双鹤,0.637,16.38
2026-08-11,002244,滨江集团,0.637,8.66
2026-08-11,600486,扬农化工,0.624,54.1
2026-08-11,300432,富临精工,0.561,16.33
2026-08-11,002085,万丰奥威,0.559,10.76
2026-08-11,300144,宋城演艺,0.553,6.13
2026-08-11,600546,山煤国际,0.524,13.11
2026-08-11,300548,长芯博创,0.509,173.91
2026-08-11,002487,大金重工,0.496,41.65
2026-08-11,000559,万向钱潮,0.49,11.81
2026-08-11,603298,杭叉集团,0.479,26.41
2026-08-11,601799,星宇股份,0.478,95.92
2026-08-11,600845,宝信软件,0.461,18.31
2026-08-11,603233,大参林,0.458,18.86
2026-08-11,603486,科沃斯,0.454,59.3
2026-08-12,301606,绿联科技,2.145,52.75
2026-08-12,603092,德力佳,1.903,50.24
2026-08-12,601112,振石股份,1.873,15.48
2026-08-12,603737,三棵树,1.606,24.74
2026-08-12,603786,科博达,1.55,43.25
2026-08-12,001221,悍高集团,1.385,41.19
2026-08-12,002032,苏泊尔,1.326,41.68
2026-08-12,603858,步长制药,1.269,15.87
2026-08-12,301498,乖宝宠物,1.23,43.78
2026-08-12,600816,建元信托,1.057,2.55
2026-08-12,600295,鄂尔多斯,1.047,12.79
2026-08-12,603699,纽威股份,1.019,51.86
2026-08-12,600132,重庆啤酒,0.855,43.79
2026-08-12,002318,久立特材,0.854,20.26
2026-08-12,000429,粤高速A,0.82,13.16
2026-08-12,600803,新奥股份,0.814,17.32
2026-08-12,603568,伟明环保,0.777,15.68
2026-08-12,600970,中材国际,0.751,7.89
2026-08-12,603899,晨光股份,0.74,22.55
2026-08-12,601577,长沙银行,0.709,9.19
2026-08-12,002773,康弘药业,0.699,22.99
2026-08-12,603565,中谷物流,0.683,10.82
2026-08-12,002299,圣农发展,0.683,16.37
2026-08-12,300953,震裕科技,0.663,104.1
2026-08-12,600329,达仁堂,0.641,36.72
2026-08-12,600062,华润双鹤,0.637,16.39
2026-08-12,002244,滨江集团,0.637,9.53
2026-08-12,600486,扬农化工,0.624,54.03
2026-08-12,300432,富临精工,0.561,16.46
2026-08-12,002085,万丰奥威,0.559,10.93
2026-08-12,300144,宋城演艺,0.553,6.17
2026-08-12,600546,山煤国际,0.524,12.95
2026-08-12,300548,长芯博创,0.509,180.98
2026-08-12,002487,大金重工,0.496,43.63
2026-08-12,000559,万向钱潮,0.49,11.88
2026-08-12,603298,杭叉集团,0.479,26.13
2026-08-12,601799,星宇股份,0.478,95.42
2026-08-12,600845,宝信软件,0.461,18.73
2026-08-12,603233,大参林,0.458,18.14
2026-08-12,603486,科沃斯,0.454,57.74
2026-08-13,301606,绿联科技,2.145,51.79
2026-08-13,603092,德力佳,1.903,49.45
2026-08-13,601112,振石股份,1.873,15.1
2026-08-13,603737,三棵树,1.606,24.2
2026-08-13,603786,科博达,1.55,43.4
2026-08-13,001221,悍高集团,1.385,40.4
2026-08-13,002032,苏泊尔,1.326,41.25
2026-08-13,603858,步长制药,1.269,16.0
2026-08-13,301498,乖宝宠物,1.23,42.55
2026-08-13,600816,建元信托,1.057,2.59
2026-08-13,600295,鄂尔多斯,1.047,12.47
2026-08-13,603699,纽威股份,1.019,53.0
2026-08-13,600132,重庆啤酒,0.855,43.17
2026-08-13,002318,久立特材,0.854,19.85
2026-08-13,000429,粤高速A,0.82,13.23
2026-08-13,600803,新奥股份,0.814,17.33
2026-08-13,603568,伟明环保,0.777,15.54
2026-08-13,600970,中材国际,0.751,7.8
2026-08-13,603899,晨光股份,0.74,22.44
2026-08-13,601577,长沙银行,0.709,9.18
2026-08-13,002773,康弘药业,0.699,23.05
2026-08-13,603565,中谷物流,0.683,10.85
2026-08-13,002299,圣农发展,0.683,16.19
2026-08-13,300953,震裕科技,0.663,104.36
2026-08-13,600329,达仁堂,0.641,36.79
2026-08-13,600062,华润双鹤,0.637,16.42
2026-08-13,002244,滨江集团,0.637,9.26
2026-08-13,600486,扬农化工,0.624,52.85
2026-08-13,300432,富临精工,0.561,16.11
2026-08-13,002085,万丰奥威,0.559,10.65
2026-08-13,300144,宋城演艺,0.553,6.1
2026-08-13,600546,山煤国际,0.524,12.72
2026-08-13,300548,长芯博创,0.509,180.08
2026-08-13,002487,大金重工,0.496,42.55
2026-08-13,000559,万向钱潮,0.49,11.71
2026-08-13,603298,杭叉集团,0.479,25.71
2026-08-13,601799,星宇股份,0.478,94.43
2026-08-13,600845,宝信软件,0.461,18.46
2026-08-13,603233,大参林,0.458,17.94
2026-08-13,603486,科沃斯,0.454,56.07
2026-08-14,301606,绿联科技,2.145,51.56
2026-08-14,603092,德力佳,1.903,48.58
2026-08-14,601112,振石股份,1.873,15.3
2026-08-14,603737,三棵树,1.606,23.8
2026-08-14,603786,科博达,1.55,42.68
2026-08-14,001221,悍高集团,1.385,39.25
2026-08-14,002032,苏泊尔,1.326,40.88
2026-08-14,603858,步长制药,1.269,15.91
2026-08-14,301498,乖宝宠物,1.23,41.08
2026-08-14,600816,建元信托,1.057,2.58
2026-08-14,600295,鄂尔多斯,1.047,12.34
2026-08-14,603699,纽威股份,1.019,53.33
2026-08-14,600132,重庆啤酒,0.855,42.84
2026-08-14,002318,久立特材,0.854,19.53
2026-08-14,000429,粤高速A,0.82,13.27
2026-08-14,600803,新奥股份,0.814,17.2
2026-08-14,603568,伟明环保,0.777,15.61
2026-08-14,600970,中材国际,0.751,7.77
2026-08-14,603899,晨光股份,0.74,22.25
2026-08-14,601577,长沙银行,0.709,9.18
2026-08-14,002773,康弘药业,0.699,22.65
2026-08-14,603565,中谷物流,0.683,10.48
2026-08-14,002299,圣农发展,0.683,16.13
2026-08-14,300953,震裕科技,0.663,105.5
2026-08-14,600329,达仁堂,0.641,36.17
2026-08-14,600062,华润双鹤,0.637,16.0
2026-08-14,002244,滨江集团,0.637,9.16
2026-08-14,600486,扬农化工,0.624,52.95
2026-08-14,300432,富临精工,0.561,16.23
2026-08-14,002085,万丰奥威,0.559,10.54
2026-08-14,300144,宋城演艺,0.553,6.01
2026-08-14,600546,山煤国际,0.524,13.06
2026-08-14,300548,长芯博创,0.509,194.67
2026-08-14,002487,大金重工,0.496,41.85
2026-08-14,000559,万向钱潮,0.49,11.64
2026-08-14,603298,杭叉集团,0.479,25.52
2026-08-14,601799,星宇股份,0.478,92.01
2026-08-14,600845,宝信软件,0.461,18.24
2026-08-14,603233,大参林,0.458,17.91
2026-08-14,603486,科沃斯,0.454,55.9
2026-08-17,301606,绿联科技,2.145,52.96
2026-08-17,603092,德力佳,1.903,49.23
2026-08-17,601112,振石股份,1.873,15.49
2026-08-17,603737,三棵树,1.606,24.21
2026-08-17,603786,科博达,1.55,42.96
2026-08-17,001221,悍高集团,1.385,41.73
2026-08-17,002032,苏泊尔,1.326,41.2
2026-08-17,603858,步长制药,1.269,16.1
2026-08-17,301498,乖宝宠物,1.23,40.69
2026-08-17,600816,建元信托,1.057,2.54
2026-08-17,600295,鄂尔多斯,1.047,12.4
2026-08-17,603699,纽威股份,1.019,53.89
2026-08-17,600132,重庆啤酒,0.855,42.98
2026-08-17,002318,久立特材,0.854,19.43
2026-08-17,000429,粤高速A,0.82,13.14
2026-08-17,600803,新奥股份,0.814,17.5
2026-08-17,603568,伟明环保,0.777,14.76
2026-08-17,600970,中材国际,0.751,7.87
2026-08-17,603899,晨光股份,0.74,22.32
2026-08-17,601577,长沙银行,0.709,9.22
2026-08-17,002773,康弘药业,0.699,22.31
2026-08-17,603565,中谷物流,0.683,10.67
2026-08-17,002299,圣农发展,0.683,16.21
2026-08-17,300953,震裕科技,0.663,108.19
2026-08-17,600329,达仁堂,0.641,36.16
2026-08-17,600062,华润双鹤,0.637,16.06
2026-08-17,002244,滨江集团,0.637,9.09
2026-08-17,600486,扬农化工,0.624,54.33
2026-08-17,300432,富临精工,0.561,16.7
2026-08-17,002085,万丰奥威,0.559,10.69
2026-08-17,300144,宋城演艺,0.553,6.02
2026-08-17,600546,山煤国际,0.524,13.07
2026-08-17,300548,长芯博创,0.509,219.0
2026-08-17,002487,大金重工,0.496,41.92
2026-08-17,000559,万向钱潮,0.49,11.91
2026-08-17,603298,杭叉集团,0.479,26.3
2026-08-17,601799,星宇股份,0.478,91.95
2026-08-17,600845,宝信软件,0.461,18.09
2026-08-17,603233,大参林,0.458,17.77
2026-08-17,603486,科沃斯,0.454,58.22
2026-08-18,301606,绿联科技,2.145,53.23
2026-08-18,603092,德力佳,1.903,48.73
2026-08-18,601112,振石股份,1.873,15.72
2026-08-18,603737,三棵树,1.606,24.6
2026-08-18,603786,科博达,1.55,42.52
2026-08-18,001221,悍高集团,1.385,41.76
2026-08-18,002032,苏泊尔,1.326,40.72
2026-08-18,603858,步长制药,1.269,15.79
2026-08-18,301498,乖宝宠物,1.23,40.93
2026-08-18,600816,建元信托,1.057,2.49
2026-08-18,600295,鄂尔多斯,1.047,12.82
2026-08-18,603699,纽威股份,1.019,53.14
2026-08-18,600132,重庆啤酒,0.855,42.6
2026-08-18,002318,久立特材,0.854,19.83
2026-08-18,000429,粤高速A,0.82,13.14
2026-08-18,600803,新奥股份,0.814,17.7
2026-08-18,603568,伟明环保,0.777,14.99
2026-08-18,600970,中材国际,0.751,7.74
2026-08-18,603899,晨光股份,0.74,22.47
2026-08-18,601577,长沙银行,0.709,9.22
2026-08-18,002773,康弘药业,0.699,22.07
2026-08-18,603565,中谷物流,0.683,10.85
2026-08-18,002299,圣农发展,0.683,16.39
2026-08-18,300953,震裕科技,0.663,109.3
2026-08-18,600329,达仁堂,0.641,35.86
2026-08-18,600062,华润双鹤,0.637,15.97
2026-08-18,002244,滨江集团,0.637,9.1
2026-08-18,600486,扬农化工,0.624,55.89
2026-08-18,300432,富临精工,0.561,16.96
2026-08-18,002085,万丰奥威,0.559,10.51
2026-08-18,300144,宋城演艺,0.553,5.99
2026-08-18,600546,山煤国际,0.524,13.23
2026-08-18,300548,长芯博创,0.509,215.65
2026-08-18,002487,大金重工,0.496,41.34
2026-08-18,000559,万向钱潮,0.49,12.08
2026-08-18,603298,杭叉集团,0.479,26.26
2026-08-18,601799,星宇股份,0.478,92.81
2026-08-18,600845,宝信软件,0.461,18.02
2026-08-18,603233,大参林,0.458,17.91
2026-08-18,603486,科沃斯,0.454,61.9
2026-08-19,301606,绿联科技,2.145,49.85
2026-08-19,603092,德力佳,1.903,47.14
2026-08-19,601112,振石股份,1.873,15.26
2026-08-19,603737,三棵树,1.606,25.66
2026-08-19,603786,科博达,1.55,40.07
2026-08-19,001221,悍高集团,1.385,41.89
2026-08-19,002032,苏泊尔,1.326,40.98
2026-08-19,603858,步长制药,1.269,15.56
2026-08-19,301498,乖宝宠物,1.23,39.25
2026-08-19,600816,建元信托,1.057,2.44
2026-08-19,600295,鄂尔多斯,1.047,13.01
2026-08-19,603699,纽威股份,1.019,53.33
2026-08-19,600132,重庆啤酒,0.855,42.51
2026-08-19,002318,久立特材,0.854,19.41
2026-08-19,000429,粤高速A,0.82,13.1
2026-08-19,600803,新奥股份,0.814,17.9
2026-08-19,603568,伟明环保,0.777,14.76
2026-08-19,600970,中材国际,0.751,7.68
2026-08-19,603899,晨光股份,0.74,22.43
2026-08-19,601577,长沙银行,0.709,9.43
2026-08-19,002773,康弘药业,0.699,21.92
2026-08-19,603565,中谷物流,0.683,11.48
2026-08-19,002299,圣农发展,0.683,16.26
2026-08-19,300953,震裕科技,0.663,98.22
2026-08-19,600329,达仁堂,0.641,35.65
2026-08-19,600062,华润双鹤,0.637,15.86
2026-08-19,002244,滨江集团,0.637,9.39
2026-08-19,600486,扬农化工,0.624,55.44
2026-08-19,300432,富临精工,0.561,16.01
2026-08-19,002085,万丰奥威,0.559,10.12
2026-08-19,300144,宋城演艺,0.553,5.89
2026-08-19,600546,山煤国际,0.524,13.07
2026-08-19,300548,长芯博创,0.509,190.42
2026-08-19,002487,大金重工,0.496,38.82
2026-08-19,000559,万向钱潮,0.49,11.01
2026-08-19,603298,杭叉集团,0.479,25.91
2026-08-19,601799,星宇股份,0.478,88.83
2026-08-19,600845,宝信软件,0.461,17.55
2026-08-19,603233,大参林,0.458,17.91
2026-08-19,603486,科沃斯,0.454,60.7
2026-08-20,301606,绿联科技,2.145,49.85
2026-08-20,603092,德力佳,1.903,47.14
2026-08-20,601112,振石股份,1.873,15.26
2026-08-20,603737,三棵树,1.606,25.66
2026-08-20,603786,科博达,1.55,40.07
2026-08-20,001221,悍高集团,1.385,43.59
2026-08-20,002032,苏泊尔,1.326,40.98
2026-08-20,603858,步长制药,1.269,15.56
2026-08-20,301498,乖宝宠物,1.23,39.25
2026-08-20,600816,建元信托,1.057,2.44
2026-08-20,600295,鄂尔多斯,1.047,13.01
2026-08-20,603699,纽威股份,1.019,53.33
2026-08-20,600132,重庆啤酒,0.855,42.51
2026-08-20,002318,久立特材,0.854,19.41
2026-08-20,000429,粤高速A,0.82,13.1
2026-08-20,600803,新奥股份,0.814,17.9
2026-08-20,603568,伟明环保,0.777,14.76
2026-08-20,600970,中材国际,0.751,7.68
2026-08-20,603899,晨光股份,0.74,22.43
2026-08-20,601577,长沙银行,0.709,9.43
2026-08-20,002773,康弘药业,0.699,21.92
2026-08-20,603565,中谷物流,0.683,11.48
2026-08-20,002299,圣农发展,0.683,16.26
2026-08-20,300953,震裕科技,0.663,98.22
2026-08-20,600329,达仁堂,0.641,35.65
2026-08-20,600062,华润双鹤,0.637,15.86
2026-08-20,002244,滨江集团,0.637,9.39
2026-08-20,600486,扬农化工,0.624,55.44
2026-08-20,300432,富临精工,0.561,16.01
2026-08-20,002085,万丰奥威,0.559,10.12
2026-08-20,300144,宋城演艺,0.553,5.89
2026-08-20,600546,山煤国际,0.524,13.07
2026-08-20,300548,长芯博创,0.509,190.42
2026-08-20,002487,大金重工,0.496,38.82
2026-08-20,000559,万向钱潮,0.49,11.01
2026-08-20,603298,杭叉集团,0.479,25.91
2026-08-20,601799,星宇股份,0.478,88.83
2026-08-20,600845,宝信软件,0.461,17.55
2026-08-20,603233,大参林,0.458,17.91
2026-08-20,603486,科沃斯,0.454,60.7
2026-08-21,301606,绿联科技,2.145,50.59
2026-08-21,603092,德力佳,1.903,43.11
2026-08-21,601112,振石股份,1.873,15.22
2026-08-21,603737,三棵树,1.606,25.29
2026-08-21,603786,科博达,1.55,40.29
2026-08-21,001221,悍高集团,1.385,41.52
2026-08-21,002032,苏泊尔,1.326,40.92
2026-08-21,603858,步长制药,1.269,15.52
2026-08-21,301498,乖宝宠物,1.23,38.41
2026-08-21,600816,建元信托,1.057,2.46
2026-08-21,600295,鄂尔多斯,1.047,13.08
2026-08-21,603699,纽威股份,1.019,55.65
2026-08-21,600132,重庆啤酒,0.855,40.28
2026-08-21,002318,久立特材,0.854,19.28
2026-08-21,000429,粤高速A,0.82,13.04
2026-08-21,600803,新奥股份,0.814,17.51
2026-08-21,603568,伟明环保,0.777,14.6
2026-08-21,600970,中材国际,0.751,7.71
2026-08-21,603899,晨光股份,0.74,22.21
2026-08-21,601577,长沙银行,0.709,9.52
2026-08-21,002773,康弘药业,0.699,21.11
2026-08-21,603565,中谷物流,0.683,12.29
2026-08-21,002299,圣农发展,0.683,16.0
2026-08-21,300953,震裕科技,0.663,100.01
2026-08-21,600329,达仁堂,0.641,35.35
2026-08-21,600062,华润双鹤,0.637,15.67
2026-08-21,002244,滨江集团,0.637,9.16
2026-08-21,600486,扬农化工,0.624,54.96
2026-08-21,300432,富临精工,0.561,15.98
2026-08-21,002085,万丰奥威,0.559,10.23
2026-08-21,300144,宋城演艺,0.553,5.97
2026-08-21,600546,山煤国际,0.524,13.21
2026-08-21,300548,长芯博创,0.509,197.42
2026-08-21,002487,大金重工,0.496,39.18
2026-08-21,000559,万向钱潮,0.49,10.96
2026-08-21,603298,杭叉集团,0.479,25.9
2026-08-21,601799,星宇股份,0.478,86.5
2026-08-21,600845,宝信软件,0.461,17.35
2026-08-21,603233,大参林,0.458,17.66
2026-08-21,603486,科沃斯,0.454,61.15
2026-08-24,301606,绿联科技,2.145,48.95
2026-08-24,603092,德力佳,1.903,41.24
2026-08-24,601112,振石股份,1.873,15.01
2026-08-24,603737,三棵树,1.606,25.07
2026-08-24,603786,科博达,1.55,39.44
2026-08-24,001221,悍高集团,1.385,38.11
2026-08-24,002032,苏泊尔,1.326,40.44
2026-08-24,603858,步长制药,1.269,15.18
2026-08-24,301498,乖宝宠物,1.23,37.77
2026-08-24,600816,建元信托,1.057,2.45
2026-08-24,600295,鄂尔多斯,1.047,13.04
2026-08-24,603699,纽威股份,1.019,51.53
2026-08-24,600132,重庆啤酒,0.855,39.57
2026-08-24,002318,久立特材,0.854,19.55
2026-08-24,000429,粤高速A,0.82,13.37
2026-08-24,600803,新奥股份,0.814,17.58
2026-08-24,603568,伟明环保,0.777,14.65
2026-08-24,600970,中材国际,0.751,7.82
2026-08-24,603899,晨光股份,0.74,22.46
2026-08-24,601577,长沙银行,0.709,9.68
2026-08-24,002773,康弘药业,0.699,20.48
2026-08-24,603565,中谷物流,0.683,13.52
2026-08-24,002299,圣农发展,0.683,15.97
2026-08-24,300953,震裕科技,0.663,97.66
2026-08-24,600329,达仁堂,0.641,35.72
2026-08-24,600062,华润双鹤,0.637,15.83
2026-08-24,002244,滨江集团,0.637,9.01
2026-08-24,600486,扬农化工,0.624,54.75
2026-08-24,300432,富临精工,0.561,16.05
2026-08-24,002085,万丰奥威,0.559,10.17
2026-08-24,300144,宋城演艺,0.553,5.8
2026-08-24,600546,山煤国际,0.524,13.66
2026-08-24,300548,长芯博创,0.509,198.94
2026-08-24,002487,大金重工,0.496,35.26
2026-08-24,000559,万向钱潮,0.49,10.84
2026-08-24,603298,杭叉集团,0.479,25.8
2026-08-24,601799,星宇股份,0.478,83.68
2026-08-24,600845,宝信软件,0.461,17.15
2026-08-24,603233,大参林,0.458,17.36
2026-08-24,603486,科沃斯,0.454,55.05
2026-08-25,301606,绿联科技,2.145,55.1
2026-08-25,603092,德力佳,1.903,41.84
2026-08-25,601112,振石股份,1.873,15.13
2026-08-25,603737,三棵树,1.606,25.14
2026-08-25,603786,科博达,1.55,39.37
2026-08-25,001221,悍高集团,1.385,38.47
2026-08-25,002032,苏泊尔,1.326,40.72
2026-08-25,603858,步长制药,1.269,15.31
2026-08-25,301498,乖宝宠物,1.23,38.92
2026-08-25,600816,建元信托,1.057,2.52
2026-08-25,600295,鄂尔多斯,1.047,12.95
2026-08-25,603699,纽威股份,1.019,52.92
2026-08-25,600132,重庆啤酒,0.855,39.71
2026-08-25,002318,久立特材,0.854,19.58
2026-08-25,000429,粤高速A,0.82,13.45
2026-08-25,600803,新奥股份,0.814,17.86
2026-08-25,603568,伟明环保,0.777,14.71
2026-08-25,600970,中材国际,0.751,7.85
2026-08-25,603899,晨光股份,0.74,22.65
2026-08-25,601577,长沙银行,0.709,9.54
2026-08-25,002773,康弘药业,0.699,20.45
2026-08-25,603565,中谷物流,0.683,12.53
2026-08-25,002299,圣农发展,0.683,16.55
2026-08-25,300953,震裕科技,0.663,95.07
2026-08-25,600329,达仁堂,0.641,36.08
2026-08-25,600062,华润双鹤,0.637,16.01
2026-08-25,002244,滨江集团,0.637,8.98
2026-08-25,600486,扬农化工,0.624,54.02
2026-08-25,300432,富临精工,0.561,15.7
2026-08-25,002085,万丰奥威,0.559,10.34
2026-08-25,300144,宋城演艺,0.553,5.91
2026-08-25,600546,山煤国际,0.524,13.31
2026-08-25,300548,长芯博创,0.509,196.23
2026-08-25,002487,大金重工,0.496,35.16
2026-08-25,000559,万向钱潮,0.49,11.18
2026-08-25,603298,杭叉集团,0.479,26.2
2026-08-25,601799,星宇股份,0.478,84.42
2026-08-25,600845,宝信软件,0.461,17.34
2026-08-25,603233,大参林,0.458,18.41
2026-08-25,603486,科沃斯,0.454,56.21
2026-08-26,301606,绿联科技,2.145,53.51
2026-08-26,603092,德力佳,1.903,41.82
2026-08-26,601112,振石股份,1.873,15.3
2026-08-26,603737,三棵树,1.606,25.25
2026-08-26,603786,科博达,1.55,39.83
2026-08-26,001221,悍高集团,1.385,38.35
2026-08-26,002032,苏泊尔,1.326,40.8
2026-08-26,603858,步长制药,1.269,15.5
2026-08-26,301498,乖宝宠物,1.23,38.3
2026-08-26,600816,建元信托,1.057,2.54
2026-08-26,600295,鄂尔多斯,1.047,13.63
2026-08-26,603699,纽威股份,1.019,52.75
2026-08-26,600132,重庆啤酒,0.855,40.04
2026-08-26,002318,久立特材,0.854,19.59
2026-08-26,000429,粤高速A,0.82,13.44
2026-08-26,600803,新奥股份,0.814,17.44
2026-08-26,603568,伟明环保,0.777,15.03
2026-08-26,600970,中材国际,0.751,7.75
2026-08-26,603899,晨光股份,0.74,22.83
2026-08-26,601577,长沙银行,0.709,9.59
2026-08-26,002773,康弘药业,0.699,20.47
2026-08-26,603565,中谷物流,0.683,12.75
2026-08-26,002299,圣农发展,0.683,16.64
2026-08-26,300953,震裕科技,0.663,92.54
2026-08-26,600329,达仁堂,0.641,36.58
2026-08-26,600062,华润双鹤,0.637,16.21
2026-08-26,002244,滨江集团,0.637,9.36
2026-08-26,600486,扬农化工,0.624,54.15
2026-08-26,300432,富临精工,0.561,15.79
2026-08-26,002085,万丰奥威,0.559,10.35
2026-08-26,300144,宋城演艺,0.553,5.95
2026-08-26,600546,山煤国际,0.524,13.55
2026-08-26,300548,长芯博创,0.509,192.87
2026-08-26,002487,大金重工,0.496,35.26
2026-08-26,000559,万向钱潮,0.49,11.26
2026-08-26,603298,杭叉集团,0.479,26.88
2026-08-26,601799,星宇股份,0.478,86.35
2026-08-26,600845,宝信软件,0.461,17.45
2026-08-26,603233,大参林,0.458,18.25
2026-08-26,603486,科沃斯,0.454,53.78
2026-08-28,301606,绿联科技,2.145,51.77
2026-08-28,603092,德力佳,1.903,42.3
2026-08-28,601112,振石股份,1.873,15.51
2026-08-28,603737,三棵树,1.606,25.6
2026-08-28,603786,科博达,1.55,38.63
2026-08-28,001221,悍高集团,1.385,37.52
2026-08-28,002032,苏泊尔,1.326,40.3
2026-08-28,603858,步长制药,1.269,15.17
2026-08-28,301498,乖宝宠物,1.23,38.73
2026-08-28,600816,建元信托,1.057,2.53
2026-08-28,600295,鄂尔多斯,1.047,13.74
2026-08-28,603699,纽威股份,1.019,50.7
2026-08-28,600132,重庆啤酒,0.855,40.28
2026-08-28,002318,久立特材,0.854,19.86
2026-08-28,000429,粤高速A,0.82,13.39
2026-08-28,600803,新奥股份,0.814,18.02
2026-08-28,603568,伟明环保,0.777,14.86
2026-08-28,600970,中材国际,0.751,7.7
2026-08-28,603899,晨光股份,0.74,23.12
2026-08-28,601577,长沙银行,0.709,9.56
2026-08-28,002773,康弘药业,0.699,20.81
2026-08-28,603565,中谷物流,0.683,13.15
2026-08-28,002299,圣农发展,0.683,16.68
2026-08-28,300953,震裕科技,0.663,92.6
2026-08-28,600329,达仁堂,0.641,36.43
2026-08-28,600062,华润双鹤,0.637,16.16
2026-08-28,002244,滨江集团,0.637,9.01
2026-08-28,600486,扬农化工,0.624,56.83
2026-08-28,300432,富临精工,0.561,15.24
2026-08-28,002085,万丰奥威,0.559,10.43
2026-08-28,300144,宋城演艺,0.553,5.93
2026-08-28,600546,山煤国际,0.524,13.99
2026-08-28,300548,长芯博创,0.509,212.9
2026-08-28,002487,大金重工,0.496,35.76
2026-08-28,000559,万向钱潮,0.49,11.08
2026-08-28,603298,杭叉集团,0.479,26.26
2026-08-28,601799,星宇股份,0.478,81.48
2026-08-28,600845,宝信软件,0.461,17.61
2026-08-28,603233,大参林,0.458,18.15
2026-08-28,603486,科沃斯,0.454,53.02
2026-08-31,301606,绿联科技,2.145,51.69
2026-08-31,603092,德力佳,1.903,43.21
2026-08-31,601112,振石股份,1.873,15.67
2026-08-31,603737,三棵树,1.606,25.05
2026-08-31,603786,科博达,1.55,39.19
2026-08-31,001221,悍高集团,1.385,41.27
2026-08-31,002032,苏泊尔,1.326,40.19
2026-08-31,603858,步长制药,1.269,14.92
2026-08-31,301498,乖宝宠物,1.23,38.27
2026-08-31,600816,建元信托,1.057,2.49
2026-08-31,600295,鄂尔多斯,1.047,13.91
2026-08-31,603699,纽威股份,1.019,50.94
2026-08-31,600132,重庆啤酒,0.855,39.97
2026-08-31,002318,久立特材,0.854,20.23
2026-08-31,000429,粤高速A,0.82,13.23
2026-08-31,600803,新奥股份,0.814,18.29
2026-08-31,603568,伟明环保,0.777,14.46
2026-08-31,600970,中材国际,0.751,7.68
2026-08-31,603899,晨光股份,0.74,23.22
2026-08-31,601577,长沙银行,0.709,9.69
2026-08-31,002773,康弘药业,0.699,20.28
2026-08-31,603565,中谷物流,0.683,12.81
2026-08-31,002299,圣农发展,0.683,16.58
2026-08-31,300953,震裕科技,0.663,92.71
2026-08-31,600329,达仁堂,0.641,36.04
2026-08-31,600062,华润双鹤,0.637,16.08
2026-08-31,002244,滨江集团,0.637,8.46
2026-08-31,600486,扬农化工,0.624,55.65
2026-08-31,300432,富临精工,0.561,14.8
2026-08-31,002085,万丰奥威,0.559,10.43
2026-08-31,300144,宋城演艺,0.553,5.91
2026-08-31,600546,山煤国际,0.524,14.26
2026-08-31,300548,长芯博创,0.509,210.6
2026-08-31,002487,大金重工,0.496,35.25
2026-08-31,000559,万向钱潮,0.49,11.23
2026-08-31,603298,杭叉集团,0.479,26.02
2026-08-31,601799,星宇股份,0.478,78.39
2026-08-31,600845,宝信软件,0.461,17.65
2026-08-31,603233,大参林,0.458,18.45
2026-08-31,603486,科沃斯,0.454,52.67
2026-09-01,600816,建元信托,1.41,2.54
2026-09-01,603092,德力佳,1.213,42.85
2026-09-01,301606,绿联科技,1.184,50.98
2026-09-01,301358,湖南裕能,1.166,60.28
2026-09-01,300390,天华新能,1.133,61.76
2026-09-01,002709,天赐材料,1.112,35.61
2026-09-01,300308,中际旭创,1.08,859.3
2026-09-01,301377,鼎泰高科,1.08,388.13
2026-09-01,300475,香农芯创,1.072,169.65
2026-09-01,002414,高德红外,1.067,12.98
2026-09-01,300857,协创数据,1.062,254.49
2026-09-01,301308,江波龙,1.058,369.18
2026-09-01,001309,德明利,1.054,418.04
2026-09-01,300953,震裕科技,1.053,90.29
2026-09-01,301536,星宸科技,0.982,133.1
2026-09-01,300604,长川科技,0.954,284.27
2026-09-01,600595,中孚实业,0.909,6.4
2026-09-01,600115,中国东航,0.873,3.49
2026-09-01,600221,海航控股,0.864,1.31
2026-09-01,000408,藏格矿业,0.857,78.93
2026-09-01,000703,恒逸石化,0.842,18.98
2026-09-01,002064,华峰化学,0.837,12.0
2026-09-01,300458,全志科技,0.834,33.94
2026-09-01,603986,兆易创新,0.798,393.0
2026-09-01,002558,巨人网络,0.796,26.95
2026-09-01,600685,中船防务,0.796,26.09
2026-09-01,605117,德业股份,0.795,85.36
2026-09-01,000807,云铝股份,0.794,27.06
2026-09-01,000657,中钨高新,0.792,62.33
2026-09-01,001389,广合科技,0.774,156.51
2026-09-01,600150,中国船舶,0.767,34.43
2026-09-01,300502,新易盛,0.759,402.81
2026-09-01,000938,紫光股份,0.754,38.32
2026-09-01,000792,盐湖股份,0.752,27.85
2026-09-01,603233,大参林,0.736,18.41
2026-09-01,300972,万辰集团,0.731,183.3
2026-09-01,002493,荣盛石化,0.729,14.64
2026-09-01,600183,生益科技,0.729,144.42
2026-09-01,600489,中金黄金,0.725,25.35
2026-09-01,603444,吉比特,0.722,387.48
2026-09-02,600816,建元信托,1.41,2.49
2026-09-02,603092,德力佳,1.212,42.14
2026-09-02,301606,绿联科技,1.184,55.14
2026-09-02,301358,湖南裕能,1.167,58.2
2026-09-02,300390,天华新能,1.134,59.74
2026-09-02,002709,天赐材料,1.113,34.44
2026-09-02,300308,中际旭创,1.081,822.4
2026-09-02,301377,鼎泰高科,1.081,387.9
2026-09-02,300475,香农芯创,1.073,167.8
2026-09-02,002414,高德红外,1.068,12.83
2026-09-02,300857,协创数据,1.062,262.05
2026-09-02,301308,江波龙,1.058,362.3
2026-09-02,001309,德明利,1.055,412.93
2026-09-02,300953,震裕科技,1.053,88.6
2026-09-02,301536,星宸科技,0.982,129.89
2026-09-02,300604,长川科技,0.955,272.6
2026-09-02,600595,中孚实业,0.91,6.26
2026-09-02,600115,中国东航,0.873,3.41
2026-09-02,600221,海航控股,0.865,1.3
2026-09-02,000408,藏格矿业,0.858,76.15
2026-09-02,000703,恒逸石化,0.842,18.52
2026-09-02,002064,华峰化学,0.837,11.68
2026-09-02,300458,全志科技,0.834,33.4
2026-09-02,603986,兆易创新,0.798,388.86
2026-09-02,002558,巨人网络,0.797,26.1
2026-09-02,600685,中船防务,0.796,26.1
2026-09-02,605117,德业股份,0.795,85.5
2026-09-02,000807,云铝股份,0.795,26.57
2026-09-02,000657,中钨高新,0.793,59.77
2026-09-02,001389,广合科技,0.774,155.32
2026-09-02,600150,中国船舶,0.768,33.93
2026-09-02,300502,新易盛,0.76,386.7
2026-09-02,000938,紫光股份,0.755,37.99
2026-09-02,000792,盐湖股份,0.752,26.94
2026-09-02,603233,大参林,0.736,18.08
2026-09-02,300972,万辰集团,0.732,183.25
2026-09-02,002493,荣盛石化,0.73,14.36
2026-09-02,600183,生益科技,0.729,144.98
2026-09-02,600489,中金黄金,0.726,24.7
2026-09-02,603444,吉比特,0.723,378.57
2026-09-03,600816,建元信托,1.41,2.48
2026-09-03,603092,德力佳,1.213,41.9
2026-09-03,301606,绿联科技,1.184,54.37
2026-09-03,301358,湖南裕能,1.166,57.38
2026-09-03,300390,天华新能,1.134,60.01
2026-09-03,002709,天赐材料,1.113,34.6
2026-09-03,300308,中际旭创,1.081,813.0
2026-09-03,301377,鼎泰高科,1.081,390.0
2026-09-03,300475,香农芯创,1.073,175.61
2026-09-03,002414,高德红外,1.068,12.66
2026-09-03,300857,协创数据,1.062,265.88
2026-09-03,301308,江波龙,1.058,359.63
2026-09-03,001309,德明利,1.054,405.06
2026-09-03,300953,震裕科技,1.053,92.5
2026-09-03,301536,星宸科技,0.982,126.16
2026-09-03,300604,长川科技,0.954,269.63
2026-09-03,600595,中孚实业,0.909,6.48
2026-09-03,600115,中国东航,0.873,3.43
2026-09-03,600221,海航控股,0.865,1.3
2026-09-03,000408,藏格矿业,0.857,76.86
2026-09-03,000703,恒逸石化,0.842,18.88
2026-09-03,002064,华峰化学,0.837,11.5
2026-09-03,300458,全志科技,0.834,32.76
2026-09-03,603986,兆易创新,0.798,383.2
2026-09-03,002558,巨人网络,0.797,26.92
2026-09-03,600685,中船防务,0.796,26.43
2026-09-03,605117,德业股份,0.795,86.25
2026-09-03,000807,云铝股份,0.795,27.38
2026-09-03,000657,中钨高新,0.793,60.02
2026-09-03,001389,广合科技,0.774,158.15
2026-09-03,600150,中国船舶,0.767,34.32
2026-09-03,300502,新易盛,0.76,384.76
2026-09-03,000938,紫光股份,0.755,38.13
2026-09-03,000792,盐湖股份,0.752,27.07
2026-09-03,603233,大参林,0.736,18.51
2026-09-03,300972,万辰集团,0.732,180.88
2026-09-03,002493,荣盛石化,0.73,14.64
2026-09-03,600183,生益科技,0.729,143.19
2026-09-03,600489,中金黄金,0.725,25.69
2026-09-03,603444,吉比特,0.723,380.96
2026-09-04,600816,建元信托,1.409,2.5
2026-09-04,603092,德力佳,1.216,41.68
2026-09-04,301606,绿联科技,1.181,57.4
2026-09-04,301358,湖南裕能,1.166,55.82
2026-09-04,300390,天华新能,1.134,57.94
2026-09-04,002709,天赐材料,1.113,33.83
2026-09-04,300308,中际旭创,1.081,814.0
2026-09-04,301377,鼎泰高科,1.08,376.21
2026-09-04,300475,香农芯创,1.073,164.85
2026-09-04,002414,高德红外,1.068,12.54
2026-09-04,300857,协创数据,1.062,252.9
2026-09-04,301308,江波龙,1.058,347.0
2026-09-04,001309,德明利,1.055,391.3
2026-09-04,300953,震裕科技,1.052,88.65
2026-09-04,301536,星宸科技,0.982,119.88
2026-09-04,300604,长川科技,0.955,254.23
2026-09-04,600595,中孚实业,0.909,6.36
2026-09-04,600115,中国东航,0.873,3.49
2026-09-04,600221,海航控股,0.865,1.3
2026-09-04,000408,藏格矿业,0.861,75.62
2026-09-04,000703,恒逸石化,0.842,17.93
2026-09-04,002064,华峰化学,0.837,11.22
2026-09-04,300458,全志科技,0.834,31.83
2026-09-04,603986,兆易创新,0.798,371.88
2026-09-04,002558,巨人网络,0.797,27.67
2026-09-04,600685,中船防务,0.796,27.44
2026-09-04,605117,德业股份,0.795,86.42
2026-09-04,000807,云铝股份,0.795,26.95
2026-09-04,000657,中钨高新,0.793,57.64
2026-09-04,001389,广合科技,0.774,152.62
2026-09-04,600150,中国船舶,0.768,37.47
2026-09-04,300502,新易盛,0.76,386.0
2026-09-04,000938,紫光股份,0.755,35.27
2026-09-04,000792,盐湖股份,0.753,26.65
2026-09-04,603233,大参林,0.735,18.79
2026-09-04,300972,万辰集团,0.731,184.35
2026-09-04,600183,生益科技,0.729,137.5
2026-09-04,002493,荣盛石化,0.729,14.38
2026-09-04,600489,中金黄金,0.726,25.6
2026-09-04,603444,吉比特,0.723,399.9
2026-09-07,600816,建元信托,1.408,2.48
2026-09-07,603092,德力佳,1.217,42.18
2026-09-07,301606,绿联科技,1.181,57.29
2026-09-07,301358,湖南裕能,1.166,55.3
2026-09-07,300390,天华新能,1.133,57.72
2026-09-07,002709,天赐材料,1.113,34.0
2026-09-07,300308,中际旭创,1.081,898.46
2026-09-07,301377,鼎泰高科,1.08,396.76
2026-09-07,300475,香农芯创,1.072,176.85
2026-09-07,002414,高德红外,1.067,12.49
2026-09-07,300857,协创数据,1.062,274.03
2026-09-07,301308,江波龙,1.058,358.22
2026-09-07,001309,德明利,1.054,403.98
2026-09-07,300953,震裕科技,1.052,92.28
2026-09-07,301536,星宸科技,0.982,123.69
2026-09-07,300604,长川科技,0.954,270.5
2026-09-07,600595,中孚实业,0.909,6.24
2026-09-07,600115,中国东航,0.873,3.5
2026-09-07,600221,海航控股,0.864,1.3
2026-09-07,000408,藏格矿业,0.861,74.03
2026-09-07,000703,恒逸石化,0.841,17.69
2026-09-07,002064,华峰化学,0.836,10.79
2026-09-07,300458,全志科技,0.834,31.55
2026-09-07,603986,兆易创新,0.798,385.44
2026-09-07,002558,巨人网络,0.796,27.49
2026-09-07,600685,中船防务,0.796,27.25
2026-09-07,605117,德业股份,0.795,85.19
2026-09-07,000807,云铝股份,0.794,26.79
2026-09-07,000657,中钨高新,0.792,60.0
2026-09-07,001389,广合科技,0.774,167.88
2026-09-07,600150,中国船舶,0.768,38.38
2026-09-07,300502,新易盛,0.76,417.2
2026-09-07,000938,紫光股份,0.755,35.37
2026-09-07,000792,盐湖股份,0.752,26.28
2026-09-07,603233,大参林,0.735,18.41
2026-09-07,300972,万辰集团,0.731,180.71
2026-09-07,600183,生益科技,0.729,148.15
2026-09-07,002493,荣盛石化,0.729,13.99
2026-09-07,600489,中金黄金,0.725,25.07
2026-09-07,603444,吉比特,0.722,405.07
2026-09-08,600816,建元信托,1.408,2.5
2026-09-08,603092,德力佳,1.217,42.04
2026-09-08,301606,绿联科技,1.181,54.59
2026-09-08,301358,湖南裕能,1.166,55.62
2026-09-08,300390,天华新能,1.133,57.45
2026-09-08,002709,天赐材料,1.113,33.67
2026-09-08,300308,中际旭创,1.08,902.37
2026-09-08,301377,鼎泰高科,1.08,399.0
2026-09-08,300475,香农芯创,1.072,179.66
2026-09-08,002414,高德红外,1.067,12.56
2026-09-08,300857,协创数据,1.062,266.05
2026-09-08,301308,江波龙,1.058,358.86
2026-09-08,001309,德明利,1.054,416.82
2026-09-08,300953,震裕科技,1.052,90.59
2026-09-08,301536,星宸科技,0.981,119.07
2026-09-08,300604,长川科技,0.954,267.46
2026-09-08,600595,中孚实业,0.909,6.38
2026-09-08,600115,中国东航,0.872,3.49
2026-09-08,600221,海航控股,0.864,1.31
2026-09-08,000408,藏格矿业,0.86,76.29
2026-09-08,000703,恒逸石化,0.841,18.89
2026-09-08,002064,华峰化学,0.836,10.91
2026-09-08,300458,全志科技,0.834,30.79
2026-09-08,603986,兆易创新,0.798,385.96
2026-09-08,002558,巨人网络,0.796,27.4
2026-09-08,600685,中船防务,0.796,27.71
2026-09-08,605117,德业股份,0.794,81.33
2026-09-08,000807,云铝股份,0.794,27.49
2026-09-08,000657,中钨高新,0.792,59.86
2026-09-08,001389,广合科技,0.773,169.19
2026-09-08,600150,中国船舶,0.768,39.08
2026-09-08,300502,新易盛,0.76,416.4
2026-09-08,000938,紫光股份,0.755,33.89
2026-09-08,000792,盐湖股份,0.752,26.83
2026-09-08,603233,大参林,0.734,18.24
2026-09-08,300972,万辰集团,0.73,180.5
2026-09-08,600183,生益科技,0.729,146.28
2026-09-08,002493,荣盛石化,0.729,14.49
2026-09-08,600489,中金黄金,0.725,25.2
2026-09-08,603444,吉比特,0.722,402.87
